"INSPIRATION_ID","BRAND_ID","CONTENT_ID","CREATE_DATE","CATEGORY_ID","SLUG","UPDATED_DATE"
"2,004",,"4,099",2015-10-05 22:55:58,1,vintage_bedroom_idea_sbdesignsquare,2016-10-07 17:04:51
"2,005",,"4,105",2015-10-05 23:15:17,"2,001",Condo_Modern_luxury_sbdesignsquare,2016-08-05 19:25:48
"2,021",,"4,128",2015-10-05 23:55:07,"2,003",vintage_seaside_idea_sbdesignsquare,2016-11-03 13:39:29
"2,201",,"4,819",2015-10-13 10:21:10,"2,003",customizedfurniture_sbdesignsquare,2016-11-03 13:09:38
"2,123",,"4,418",2015-10-07 14:26:33,6,sofa_livingroom_sbdesignsquare,2016-10-07 17:49:08
"2,301",,"5,276",2015-10-20 08:20:19,"2,001",homeentertainment_sb_posh_koncept_sbdesignsquare,2016-08-05 18:26:11
"2,341",,"5,492",2015-10-22 08:48:05,6,kelvin_leathersofa_sofasolutions_sbdesignsquare,2016-08-23 17:23:16
"2,473",,"6,228",2015-11-02 08:48:33,6,sofasolutions_sbdesignsquare,2016-08-23 17:11:38
"2,600",,"6,869",2015-11-09 10:42:27,"2,001",Idea_Condo_sb_interior_designer,2016-08-23 15:30:00
"2,882",,"8,497",2015-11-25 11:29:47,"2,001",duplex_condo_sbdesignsquare,2016-08-05 17:17:36
"2,984",,"9,559",2015-12-11 15:42:53,"2,003",home_idea_wallpaper_sbdesignsquare,2016-08-23 13:49:41
"2,985",,"9,560",2015-12-11 15:56:06,"2,003",townhome_sbinteriorathome_sbdesignsquare,2016-08-23 13:40:05
"3,181",,"11,169",2015-12-30 15:48:18,"2,001",spazz_collection_sbdesignsquare,2016-11-03 14:14:25
"3,522",,"13,637",2016-03-02 14:27:53,"2,003",inspiring_patterns_homedecor_sbdesignsquare,2016-08-22 11:00:42
"3,501",,"13,516",2016-02-29 09:28:48,8,worktriangle_kuche_builtin_kitchen_sbdesignsquare,2016-08-22 11:05:41
"3,541",,"13,696",2016-03-03 14:47:57,1,้his&her_bedroom_sbdesignsquare,2016-10-07 16:12:09
"3,581",,"13,936",2016-03-14 14:08:04,"2,003",playful_design_habitat_sbdesignsquare,2017-05-04 23:12:56
"3,981",,"17,065",2016-06-02 17:15:06,"2,003",americancontemporary_sbdesignsquare,2016-10-07 15:49:52
"4,281",,"19,976",2016-08-12 10:25:20,1,bedroomformom,2016-11-03 13:36:10
"4,301",,"20,036",2016-08-16 10:44:34,6,recliner_livingroom_sbdesignsquare,2016-09-15 11:06:47
"4,545",,"22,340",2016-10-07 17:24:00,"2,003",sofaforliving,2016-10-07 17:32:02
"4,621",,"24,236",2016-11-19 18:55:02,"2,003",decoratehome_for_newyear,2016-11-22 10:21:48
"4,662",,"24,597",2016-11-29 09:36:38,"2,003",newyearparty_sbdesignsquare,2016-11-29 09:42:23
"4,701",,"25,156",2016-12-10 14:07:15,"2,003","4มุม4สไตล์ ไอเดียเปลี่ยนทุกมุมบ้าน",2016-12-10 14:41:42
"4,841",,"26,996",2017-02-20 12:03:28,"2,003",เติมเต็มทุกมุม ให้เป็นบ้านสุดชิค,2017-02-20 13:57:40
"4,881",,"27,656",2017-03-03 13:46:17,"2,003",sofa-relationship,2017-03-06 18:25:32
"5,121",,"31,316",2017-05-03 13:45:40,"2,003",sbdesignsquare_warm_and_natural,2017-05-03 15:11:52
"5,081",,"30,356",2017-04-21 19:40:15,"2,003",แต่งบ้านสวยในโทนสีครีม,2017-04-21 20:13:31
"5,241",,"34,417",2017-06-16 17:30:06,8,"4menueasycooking",2017-06-16 17:30:06
"5,301",,"35,817",2017-07-07 17:35:57,"2,001",brickoloftstyleforcondo,2017-07-07 17:47:42
"5,401",,"37,476",2017-08-11 09:08:45,6,Recliner,2017-08-16 15:36:56
"5,581",,"41,816",2017-09-27 11:14:23,"2,003",workingspace_sbdesignsquare,2017-11-24 13:52:58
"5,521",,"39,836",2017-09-11 13:48:55,"2,003",designandfunction_sbdesignsquare,2018-01-18 09:41:10
"5,621",,"45,936",2017-10-30 16:26:46,"2,003",furniture_artobject_sbdesignsquare,2017-11-24 13:52:22
"5,701",,"49,116",2017-11-21 11:06:42,"2,001",condosize_s,2018-01-18 09:18:09
"5,781",,"52,176",2017-12-14 09:20:27,"2,003",gifts_newyear_sbdesignsquare,2017-12-15 10:16:54
"2,041",,"4,156",2015-10-06 00:19:15,1,bedroom_idea_bed_sbdesignsquare,2016-08-05 19:21:58
"2,081",,"4,269",2015-10-06 18:17:43,"2,002",diningroom_diningtable_diningchair_sbdesignsquare,2016-08-05 19:30:56
"2,122",,"4,417",2015-10-07 14:21:30,"2,003",homeidea_modern_sbdesignsquare,2016-10-07 17:52:06
"2,141",,"4,516",2015-10-08 08:54:14,"2,021",walk-incloset_wardrobe_sbdesignsquare,2016-10-07 17:45:59
"2,221",,"4,937",2015-10-14 11:09:49,"2,003",vintagepassion_sbdesignsquare,2016-11-03 13:06:08
"2,281",,"5,156",2015-10-19 08:25:53,1,bedroom_style_sbdesignsquare,2016-08-05 18:27:55
"2,365",,"5,624",2015-10-26 11:36:23,"2,001",condofit_sbdesignsquare,2016-08-23 17:14:22
"2,421",,"5,916",2015-10-29 08:43:10,"2,003",schultzdesign_sbdesignsquare,2016-11-03 13:53:50
"2,441",,"6,082",2015-10-30 09:09:13,"2,003",home_organization_Idea_sbdesignsquare,2016-08-05 18:05:54
"2,501",,"6,456",2015-11-04 08:16:36,10,officefurniture_sbdesignsquare,2016-08-23 14:06:11
"2,701",,"7,740",2015-11-17 10:25:52,"2,001",luxury_condo_sbdesignsquare,2016-08-05 17:40:10
"2,721",,"7,856",2015-11-18 08:32:17,"2,003",้home_idea_sbdesignsquare,2016-08-05 17:38:36
"2,781",,"7,890",2015-11-18 11:25:59,"2,003",sb_interiorathome_modern_sbdesignsquare,2016-08-05 19:16:45
"2,843",,"8,458",2015-11-25 10:12:15,"2,001",funiture_condo_minimo_sbdesignsquare,2016-08-05 17:24:01
"2,845",,"8,460",2015-11-25 10:27:22,6,leather_sofa_kelvin_authentic_sbdesignsquare,2016-08-23 14:34:21
"2,982",,"9,557",2015-12-11 15:19:35,1,bedroom_idea_sbdesignsquare,2016-08-23 13:51:26
"3,021",,"10,597",2015-12-23 09:10:28,"2,001",industrial_style_interiorathome_sbdesignsquare,2016-08-23 13:38:38
"3,041",,"10,636",2015-12-24 07:53:36,"2,021",wardrobe_sbfurniture_sbdesignsquare,2016-08-23 13:37:24
"3,081",,"10,799",2015-12-28 09:25:44,6,livingroom_customized_sofa_sbdesignsquare,2016-08-23 13:35:16
"3,341",,"11,916",2016-01-21 11:13:19,"2,003",sbvintage_fashion_furniture_sbdesignsquare,2016-10-07 16:25:36
"3,362",,"12,317",2016-01-29 09:23:07,8,Kuche_builtin_kitchen_countertop_sbdesignsquare,2016-10-07 16:18:05
"3,381",,"12,556",2016-02-09 08:56:59,"2,003",valentineday_homestyle_sbdesignsquare,2016-11-03 13:24:25
"3,401",,"12,716",2016-02-12 10:55:14,"2,003",valentine_decoridea_sbdesignsquare,2016-10-07 16:15:10
"3,761",,"15,416",2016-04-21 10:24:34,"2,001",design&innovation_furnitureforcondo_sbdesignsquare,2016-10-07 16:04:42
"3,481",,"13,236",2016-02-24 07:59:06,10,workspace_sbdesignsquare,2016-08-22 11:05:50
"3,901",,"16,396",2016-05-20 20:23:17,6,sofacouple,2016-08-22 09:59:51
"3,921",,"16,436",2016-05-24 09:40:57,6,customizedsofa_livingroom_sbdesignsquare,2016-09-08 12:00:35
"3,941",,"16,716",2016-05-27 08:54:02,6,coffeetable_livingroomideas_sbdesignsquare,2016-11-03 13:30:46
"4,001",,"17,216",2016-06-07 08:22:29,"2,003",shoestorage_sbdesignsquare,2016-08-22 09:40:45
"4,761",,"26,436",2017-01-20 16:50:21,"2,001",small_condo,2017-01-26 09:35:26
"4,781",,"26,676",2017-01-27 18:00:02,1,bedroomstylescandunavian,2017-01-27 18:04:41
"5,141",,"31,476",2017-05-05 18:43:47,"2,001",kitchenforcondo,2017-05-05 18:47:26
"4,981",,"29,221",2017-03-28 18:19:54,6,advantageofrecliner,2017-03-28 18:19:54
"5,181",,"32,156",2017-05-15 17:12:21,10,sbdesignsquare_workspace_minimal,2017-05-19 09:43:29
"5,321",,"36,334",2017-07-14 09:18:06,"2,003",sbdesignsquare_style_meet_furnction,2017-07-14 09:18:06
"5,341",,"36,896",2017-07-28 16:02:25,1,allmattress,2017-07-28 16:05:15
"5,441",,"38,296",2017-08-25 18:59:17,"2,003",ideaforyourliving,2018-01-18 09:53:53
"5,741",,"51,276",2017-12-06 18:11:17,"2,003",universal_sbdesignsquare,2017-12-15 10:35:36
"5,841",,"54,556",2018-01-14 09:51:51,1,mattress,2018-01-18 09:10:04
"2,144",,"4,519",2015-10-08 09:33:29,"2,001",funiture_condo_sbdesignsquare,2016-11-03 13:41:20
"2,102",,"4,383",2015-10-07 10:57:12,"2,003",homedecoridea_nature_furniture_sbdesignsquare,2016-10-07 18:00:30
"2,103",,"4,384",2015-10-07 11:01:43,6,sofa_recliner_armchair_sbdesignsquare,2016-10-07 17:56:06
"2,261",,"5,136",2015-10-16 08:20:52,"2,003",lamp_homeidea_sbdesignsquare,2016-08-05 18:29:34
"2,321",,"5,376",2015-10-21 08:43:32,"2,003",clichehome_americanstyle_sbdesignsquare,2016-11-03 13:08:21
"2,401",,"5,836",2015-10-28 08:33:18,"2,003",customizedsolidwood_sbdesignsquare,2016-08-05 18:16:49
"2,481",,"6,356",2015-11-03 08:23:58,1,wall_decoration_sbdesignsquare,2016-08-23 17:11:09
"2,561",,"6,696",2015-11-06 11:30:58,"2,003",before_after_interior_sbdesignsquare,2016-11-03 11:53:13
"2,621",,"7,216",2015-11-11 08:28:56,"2,003",lamp_sbdesignsquare,2016-08-23 15:14:01
"2,661",,"7,556",2015-11-13 14:29:24,8,kuche_builtin_kitchen_sbdesignsquare,2016-08-23 15:14:18
"2,842",,"8,457",2015-11-25 09:21:36,"2,003",big_thanks_sale_sbdesignsquare,2018-01-03 17:46:55
"2,743",,"7,882",2015-11-18 10:11:58,"2,003",luxury_style_sbdesignsquare,2016-08-05 17:33:49
"2,801",,"8,096",2015-11-20 14:23:11,"2,003",My Favorite Design,2016-08-23 14:37:03
"2,861",,"8,476",2015-11-25 10:49:24,"2,001",sb_interiorathome_sofa_sbdesignsquare,2016-08-05 17:21:18
"2,981",,"9,556",2015-12-11 15:08:18,6,โซฟาหนังแท้_sbdesignsquare,2016-11-03 13:18:35
"2,881",,"8,496",2015-11-25 11:15:59,"2,003",ิbedroom_scandi_sbdesignsquare,2016-08-05 17:19:30
"2,901",,"8,516",2015-11-25 13:10:15,"2,003",vintage_gift_new_year_sbdesignsquare,2016-08-26 13:33:06
"2,983",,"9,558",2015-12-11 15:32:13,6,livingroom_recliner_sbdesignsquare,2016-08-23 13:49:29
"3,061",,"10,736",2015-12-25 08:48:18,"2,003",christmas_newyear_gift_sbdesignsquare,2016-11-03 13:20:46
"3,101",,"10,840",2015-12-28 11:35:27,"2,001",condo_party_sbdesignsquare,2016-08-23 13:35:28
"3,321",,"11,396",2016-01-11 09:06:38,8,Kuche_builtin_kitchen_layout_sbdesignsquare,2016-08-05 15:55:57
"3,343",,"11,918",2016-01-21 11:19:32,"2,003",sbcurio_solidwood_furniture_sbdesignsquare,2016-10-07 16:24:38
"3,361",,"12,316",2016-01-29 09:11:11,"2,003",smallroom_ideas_sbdesignsquare,2016-08-22 11:26:44
"3,363",,"12,318",2016-01-29 09:35:01,"2,003",furniture_habitatthailand_sbdesignsquare,2017-05-04 19:06:54
"3,441",,"13,058",2016-02-17 14:52:20,"2,003",maxspace_interiordesign_sbdesigns,2016-10-07 16:13:32
"3,601",,"13,956",2016-03-14 14:36:59,"2,003",outdoor_furniture_sbdesignsquare,2016-10-07 16:09:49
"3,681",,"14,717",2016-03-31 10:38:09,8,kuche_builtinkitchen_sbdesignsquare,2016-08-22 10:31:41
"3,702",,"14,847",2016-04-01 18:08:12,"2,003",summer_homedecor_ideas_sbdesignsquare,2016-08-22 10:30:04
"3,801",,"15,716",2016-04-28 08:30:40,"2,003",countrycorner_frenchcountry_sbdesignsquare,2016-08-22 10:20:38
"3,821",,"15,896",2016-05-02 10:51:37,6,sofa_livingroom_sbdesignsquare,2016-08-22 10:19:04
"3,861",,"16,236",2016-05-13 23:05:03,"2,001",sofaforcondo,2016-05-14 23:10:59
"4,361",,"20,256",2016-08-20 07:21:32,"2,001",my-dream-my-room,2016-08-22 11:39:56
"4,381",,"20,756",2016-08-26 11:47:21,"2,003",vintagefurniture_sbdesignsquare,2016-08-26 13:39:38
"4,401",,"20,940",2016-08-31 08:33:34,"2,003",wallpaper_funiture_sbdesignsquare,2016-08-31 09:09:26
"4,421",,"21,218",2016-09-06 14:57:52,"2,003",allaboutwall_sbdesignsquare,2016-09-19 15:58:02
"4,481",,"21,516",2016-09-16 23:20:14,"2,003",walldecoration,2016-09-20 14:32:04
"4,581",,"23,079",2016-10-28 18:32:30,"2,001",condo_fit,2016-10-31 10:00:05
"4,721",,"25,416",2016-12-16 15:26:49,"2,003",ของขวัญแต่งบ้านสไตล์วินเทจ,2016-12-16 15:30:40
"4,821",,"26,936",2017-02-15 18:13:56,1,Couple-bedroom,2017-02-17 10:29:36
"4,925",,"28,160",2017-03-10 18:13:48,9,kidsbedroon,2017-03-11 16:09:41
"4,941",,"28,617",2017-03-20 17:39:26,"2,003",BeforeAfter_Livingroom,2017-03-24 11:50:29
"5,002",,"29,397",2017-03-31 17:23:26,6,"4styleofsofa",2017-05-08 15:25:00
"5,105",,"30,956",2017-04-28 16:21:19,6,โซฟาสำหรับพื้นที่จำกัด,2017-04-28 16:54:32
"5,281",,"35,056",2017-06-27 15:58:33,"2,001",แต่งคอนโดคลีนๆสวยครบทุกฟังก์ชั่น,2017-11-21 16:06:31
"5,461",,"38,778",2017-08-30 16:58:22,8,kitchen_vintage_sbdesignsquare,2018-01-18 09:50:37
"5,481",,"39,636",2017-09-08 18:58:22,"2,001","4stylesforcondo",2018-01-18 09:48:09
"5,541",,"40,856",2017-09-15 17:18:52,"2,001",แต่งคอนโดสีขาวดำถึงตัดกันแต่ก็ลงตัว,2018-01-18 09:27:50
"5,561",,"41,516",2017-09-22 21:05:49,"2,001",condocontemporarystyle,2018-01-18 09:26:22
"5,681",,"49,036",2017-11-20 17:57:14,"2,003",loft_lover_sbdesignsquare,2018-01-18 09:20:06
"2,142",,"4,517",2015-10-08 09:05:37,6,sofa_livingroom_sbdesignsquare,2016-11-03 13:50:44
"2,161",,"4,676",2015-10-09 16:54:01,1,modernluxury_bedroom_sbdesignsquare,2016-11-03 13:10:39
"2,181",,"4,716",2015-10-12 08:33:05,1,mattress_bedroom_sbdesignsquare,2016-08-05 18:49:49
"2,742",,"7,877",2015-11-18 09:59:04,"2,001",condo_sbdesignsquare,2016-08-05 17:35:39
"2,821",,"8,196",2015-11-23 08:28:26,"2,003",american_contemporary_sbdesignsquare,2016-11-03 13:16:50
"2,941",,"8,996",2015-12-02 13:39:52,"2,003",father_day_gift_sbdesignsquare,2016-08-23 13:53:19
"2,961",,"9,236",2015-12-07 17:48:10,"2,003",urban_style_sbdesignsquare,2016-08-23 13:53:31
"3,121",,"10,900",2015-12-28 15:53:18,"2,003",idea_decor_modern_style_sbdesignsquare,2016-08-23 13:34:26
"3,141",,"11,116",2015-12-30 14:29:15,"2,002",dining_room_sbdesignsquare,2016-08-23 13:34:12
"3,542",,"13,697",2016-03-03 15:12:17,"2,003",dividing_space_withoutwall_sbdesignsquare,2016-08-22 10:57:57
"3,346",,"11,921",2016-01-21 11:51:42,"2,003",sbdesignsquare_ratchapruek,2016-10-07 16:23:07
"3,561",,"13,756",2016-03-07 11:48:45,"2,001",functionalism-in-modern-style,2016-08-22 10:59:04
"3,641",,"14,043",2016-03-15 11:50:36,"2,021",itemsforwalkincloset_sbdesignsquare,2016-08-22 10:44:15
"3,881",,"16,336",2016-05-17 08:31:51,1,sbbedroom_newcollection_sbdesignsquare,2016-11-03 13:31:50
"3,701",,"14,844",2016-04-01 17:51:48,"2,003",home_organization_ideas_sbdesignsquare,2016-10-07 16:06:36
"3,741",,"15,280",2016-04-18 10:27:01,"2,001",smallbedroom_ideas_sbdesignsquare,2016-08-22 10:24:50
"3,841",,"16,045",2016-05-06 18:58:36,6,sofaparade2016,2016-11-03 11:42:08
"3,961",,"16,836",2016-05-30 11:13:50,6,sofa_family,2016-08-22 09:44:41
"4,061",,"17,716",2016-06-17 18:11:01,"2,003",wallmirror_decorideas_sbdesignsquare,2016-08-22 08:55:52
"4,081",,"18,416",2016-06-29 08:14:36,"2,003",natureinspired_homeidea_sbdesignsquare,2016-08-22 08:44:40
"4,221",,"19,256",2016-07-25 13:47:46,1,allaboutbedroom,2016-08-16 10:52:24
"4,262",,"19,737",2016-08-05 19:57:46,"2,003",giftsformom_sbdesignsquare,2016-08-19 17:32:59
"4,441",,"21,296",2016-09-08 18:17:03,6,customizedsofa_sbdesignsquare,2016-10-12 16:39:03
"4,501",,"21,836",2016-09-23 17:54:31,"2,003",walldecorationstyle,2016-09-23 20:52:44
"4,521",,"22,076",2016-09-30 18:36:12,"2,001",smallroom,2016-09-30 18:43:02
"4,561",,"22,536",2016-10-12 13:58:05,"2,003",minimalstyle_sbdesignsquare,2016-10-12 15:04:05
"4,801",,"26,836",2017-02-10 17:09:59,"2,001",condolovemakesahome,2017-02-15 11:38:51
"4,741",,"26,236",2017-01-13 13:26:39,"2,001",แต่งบ้านให้สวยชิคในแบบรักษ์โลก,2017-01-16 10:10:56
"4,901",,"27,956",2017-03-08 14:49:34,6,sofa_solutions_sbdesignsquare,2017-04-04 09:24:02
"5,041",,"29,516",2017-04-05 17:30:50,6,โซฟาผ้าและโซฟาหนังแบบไหนเหมาะกับคุณ,2017-04-06 08:03:02
"5,161",,"31,516",2017-05-08 08:58:03,8,sbdesignsquare_cooking_tools_kitchen,2017-05-15 16:59:12
"5,221",,"33,516",2017-06-09 16:27:48,"2,003",midyearsalemixandmatch,2017-06-09 16:31:33
"5,421",,"37,977",2017-08-22 09:00:40,6,"5styleforlivingroom",2018-01-18 09:55:55
"5,641",,"47,476",2017-11-08 11:13:03,"2,003","5ideasformxtremesale",2018-01-18 09:24:10
"5,661",,"48,316",2017-11-15 10:43:26,"2,003",Tips&Trickการแต่งบ้านให้สวยและมีสไตล์,2018-01-18 09:21:58
"5,821",,"52,976",2017-12-22 11:38:20,1,masterbedroom,2018-01-19 15:00:50
"5,861",,"54,736",2018-01-18 10:07:46,1,"4styleforyourbedroom",2018-01-19 17:55:39
121,,796,2015-10-01 09:08:02,6,vintage_idea_decor_sbdesignsquare,2016-10-07 17:39:33
142,,"1,008",2015-10-02 14:42:32,6,livingroom_modern_style_sofa_sbdesignsquare,2016-10-07 17:15:43
146,,"1,022",2015-10-02 17:08:52,9,kids_furniture_kidsroom_sbdesignsquare,2016-10-07 17:06:58
143,,"1,009",2015-10-02 14:51:07,1,condo_bedroom_idea_sbdesignsquare,2016-10-07 17:14:23
144,,"1,010",2015-10-02 15:01:15,6,livingroom_ideas_sofa_armchair_sbdesignsquare,2016-10-07 17:13:23
145,,"1,014",2015-10-02 16:05:20,"2,003",homedecorideas_furniture_sbdesignsquare,2016-10-07 17:10:28
122,,800,2015-10-01 09:15:36,1,bedroom_mix&match_style_sbdesignsquare,2016-10-07 17:24:55
123,,810,2015-10-01 09:43:24,"2,001",furniture_condo_idea_sbdesignsquare,2016-10-07 17:23:48
84,,146,2015-09-15 13:56:47,"2,003",curtain_homeidea_sbdesignsquare,2016-10-07 17:02:21
141,,"1,007",2015-10-02 14:35:43,9,kidsbedroom_furniture_kidsroom_sbdesignsquare,2016-10-07 17:21:33
101,,622,2015-09-30 14:04:46,10,stylish_storage_furniture_customized_sbdesignsquar,2016-10-07 17:03:29
"2,143",,"4,518",2015-10-08 09:11:41,"2,001",condo_furniture_sbdesignsquare,2016-11-03 13:48:48
"2,061",,"4,261",2015-10-06 17:41:50,6,livingroom_sofa_coffeetable_sbdesignsquare,2016-08-05 19:20:34
"2,145",,"4,520",2015-10-08 09:39:02,1,bedroom_bed_sbdesignsquare,2016-08-05 18:53:53
"2,241",,"5,056",2015-10-15 09:07:00,"2,001",Condo_kitchen_sbdesignsquare,2016-08-05 18:31:07
"2,381",,"5,737",2015-10-27 09:04:52,"2,003",seasidestyle_sbdesignsquare,2016-11-03 13:12:47
"2,521",,"6,556",2015-11-05 08:33:02,"2,003",cleaf_sbdesignsquare,2016-08-05 17:55:32
"2,641",,"7,436",2015-11-12 08:18:51,"2,003",posh_luxury_sbdesignsquare,2016-11-03 13:56:39
"2,601",,"6,996",2015-11-10 08:09:34,9,kids_furniture_sbdesignsquare,2016-08-23 15:30:09
"2,681",,"7,639",2015-11-16 10:34:49,"2,003",CLEAF_furniture_sbdesignsquare,2016-08-05 17:44:27
"2,741",,"7,876",2015-11-18 09:39:34,6,leather_sofa_sbdesignsquare,2016-08-23 14:45:21
"2,921",,"8,596",2015-11-26 11:57:47,"2,003",hand_carving_french_provence_sbdesignsquare,2016-08-23 13:55:15
"3,001",,"10,496",2015-12-21 08:25:16,"2,003",livingroom_lamp_sbdesignsquare,2016-08-23 13:40:25
"3,002",,"10,497",2015-12-21 08:41:52,"2,003",beautify_your_home_sbdesignsquare,2016-08-23 13:38:16
"3,161",,"11,136",2015-12-30 14:49:05,"2,003",้้home_aroma,2016-10-07 16:32:22
"3,201",,"11,176",2015-12-30 16:34:20,"2,003",loft_style_sbdesignsquare,2016-08-05 16:15:17
"3,221",,"11,256",2016-01-05 17:04:54,"2,003",central_westgate_sbdesignsquare,2016-11-03 13:22:59
"3,241",,"11,276",2016-01-06 08:44:04,6,sideboard_scenario_sbdesignsquare,2016-08-22 11:52:25
"3,261",,"11,296",2016-01-06 10:28:51,1,romanitc_bedroom_sbdesignsquare,2016-08-22 11:52:12
"3,281",,"11,356",2016-01-08 09:00:48,"2,003",sb_anniversarysale_2016_sbdesignsquare,2016-08-22 11:50:41
"3,301",,"11,376",2016-01-08 16:25:18,"2,003",sb_anniversarysale2016_review_sbdesignsquare,2016-08-22 11:50:35
"3,344",,"11,919",2016-01-21 11:35:28,8,Kuche_builtin_kitchen_function_sbdesignsquare,2016-08-22 11:30:14
"3,421",,"12,736",2016-02-12 11:29:43,"2,003",transparentfurniture_sbdesignsquare,2016-08-22 11:15:01
"3,621",,"13,976",2016-03-14 14:59:15,1,bedroomcolor_sbbedroomgrandsale2016_sbdesignsquare,2016-08-22 10:44:22
"3,721",,"15,106",2016-04-11 08:18:01,"2,001",condo_kitchen_kuche_sbdesignsquare,2016-08-22 10:25:36
"3,781",,"15,616",2016-04-26 08:22:17,9,kids_bedroom_sbdesignsquare,2016-08-22 10:21:19
"4,021",,"17,496",2016-06-10 11:47:13,"2,001",beforeafter,2016-08-22 09:39:19
"4,041",,"17,576",2016-06-15 10:28:17,"2,003","5set5style",2016-08-22 09:37:49
"4,123",,"18,778",2016-07-06 13:29:41,6,ชั้นวางทีวี_sbdesignsquare,2016-08-22 08:38:15
"4,155",,"18,890",2016-07-09 22:40:16,9,kids-bedroom-color,2016-08-22 08:32:15
"4,461",,"21,396",2016-09-13 15:58:24,"2,021",mendressingroom_sbdesignsquare,2016-09-13 16:26:27
"4,252",,"19,447",2016-07-29 10:05:46,"2,002",ห้องกินข้าว_sbdesignsquare,2016-08-19 17:34:15
"4,601",,"23,516",2016-11-07 08:09:57,6,minisize_livingroom_sbdesignsquare,2016-11-14 10:33:49
"4,641",,"24,496",2016-11-25 08:52:14,1,decorateroomforsanta,2016-11-25 09:05:53
"4,681",,"24,896",2016-12-02 18:33:06,"2,003",แต่งบ้านสวยรับปีใหม่ให้เหมือนเมืองนอก,2016-12-07 09:23:32
"4,861",,"27,336",2017-02-25 15:04:56,"2,021",walkinclosetdesign,2017-03-03 13:53:09
"5,021",,"29,436",2017-04-03 18:58:21,6,sofa_solutions_style_sbdesignsquare,2017-04-04 09:22:36
"5,061",,"29,667",2017-04-07 18:16:05,6,livingroom,2017-04-24 10:31:19
"5,201",,"32,396",2017-05-22 16:56:15,"2,003",diningtable,2017-05-22 17:03:52
"5,261",,"34,756",2017-06-20 09:05:14,"2,003",sbdesignsquare_homeidea_photoframe,2017-06-21 08:51:06
"5,361",,"36,980",2017-08-01 11:16:11,6,livingroom_newlook_idea_sbdesignsquare,2017-08-11 09:16:47
"5,381",,"37,376",2017-08-08 17:13:58,6,sofareturn,2017-08-08 17:13:58
"5,761",,"51,396",2017-12-08 16:24:53,"2,003",BigThanksSale2017,2018-01-18 09:14:52
"5,721",,"49,336",2017-11-22 15:18:12,"2,003",itemsforsingle,2018-01-18 09:16:24
"5,801",,"52,476",2017-12-15 16:46:01,"2,001",BrickoCollection_ModernStyle,2018-01-19 15:08:00
"5,881",,"54,796",2018-01-19 14:15:02,1,itemstohelpyousleepbetter,2018-01-19 19:54:38
